Date,Open,High,Low,Close,Volume,Dividends,Stock Splits,MA20,MA50,Daily Return
2024-06-28 00:00:00-04:00,214.76560832661605,215.0642148828325,209.3210696212814,209.6395721435547,82542700,0.0,0.0,,,
2024-07-01 00:00:00-04:00,211.10273143743845,216.4974998735104,210.933524598722,215.7410430908203,60402900,0.0,0.0,,,0.029104576415980965
2024-07-02 00:00:00-04:00,215.1438424446849,219.35416325375095,214.09874221485333,219.2446746826172,58046200,0.0,0.0,,,0.01623998633547874
2024-07-03 00:00:00-04:00,218.97593450353426,220.5187225341797,218.0104484863841,220.5187225341797,37369800,0.0,0.0,,,0.005811077753230975
2024-07-05 00:00:00-04:00,220.618221554563,225.3958807735831,220.618221554563,225.28639221191406,60412400,0.0,0.0,,,0.021620248942787246
2024-07-08 00:00:00-04:00,226.03290864697604,226.78938062149984,222.21078721739227,226.759521484375,59085900,0.0,0.0,,,0.006538918121052006
2024-07-09 00:00:00-04:00,226.86898500321237,228.33214340978847,225.3162491891544,227.61549377441406,48076100,0.0,0.0,,,0.0037748019771599584
2024-07-10 00:00:00-04:00,228.23264496613547,231.9950484021832,228.18287467129386,231.8955078125,62627700,0.0,0.0,,,0.018803702538491507
2024-07-11 00:00:00-04:00,230.3128913597033,231.30823641336684,224.71905701819728,226.51068115234375,64710600,0.0,0.0,,,-0.023220918382387046
2024-07-12 00:00:00-04:00,227.8544036714271,231.55708874298097,227.6155153743793,229.46685791015625,53046500,0.0,0.0,,,0.01305093756626996
2024-07-15 00:00:00-04:00,235.37920328245679,236.12571210202407,232.00498402552307,233.3088836669922,62631300,0.0,0.0,,,0.016743270866332427
2024-07-16 00:00:00-04:00,233.90608352734432,235.17017597600105,231.24851410299036,233.7269287109375,43234300,0.0,0.0,,,0.0017918093703710447
2024-07-17 00:00:00-04:00,228.38192926123955,230.38258262455565,225.58501197125685,227.81459045410156,57345900,0.0,0.0,,,-0.0252959224229915
2024-07-18 00:00:00-04:00,229.20805491946456,229.3673137711516,221.2353466054131,223.13644409179688,66034600,0.0,0.0,,,-0.020534884762998584
2024-07-19 00:00:00-04:00,223.77348959602472,225.74426861436035,222.24064965794977,223.26585388183594,49151500,0.0,0.0,,,0.0005799581084380279
2024-07-22 00:00:00-04:00,225.9532706718539,226.71969060050867,222.051519961604,222.91748046875,48201800,0.0,0.0,,,-0.0015603524096000632
2024-07-23 00:00:00-04:00,223.32558043665784,225.88362469345716,221.6434447483752,223.9626007080078,39960300,0.0,0.0,,,0.004688372742505997
2024-07-24 00:00:00-04:00,222.9572958470105,223.75357494115906,216.1192800710717,217.522705078125,61777600,0.0,0.0,,,-0.028754334918082436
2024-07-25 00:00:00-04:00,217.91088420998827,219.8219600686179,213.62094948036474,216.47760009765625,51391200,0.0,0.0,,,-0.004804578814397331
2024-07-26 00:00:00-04:00,217.6819649471348,218.46829606182757,215.0044842643322,216.94541931152344,41601300,0.0,0.0,223.58784866333008,,0.0021610513681606935
2024-07-29 00:00:00-04:00,215.95008057489312,218.27918447457574,214.74570631572197,217.22412109375,36311800,0.0,0.0,223.96707611083986,,0.0012846631337550818
2024-07-30 00:00:00-04:00,218.16969337819762,219.30438617677734,215.11397665237357,217.78150939941406,41643800,0.0,0.0,224.06909942626953,,0.002565959539196472
2024-07-31 00:00:00-04:00,220.40921389598267,222.77814001369308,219.60298682237814,221.04623413085938,50036300,0.0,0.0,224.15917739868163,,0.014990826082749598
2024-08-01 00:00:00-04:00,223.3255700813178,223.43505864730554,216.0097928775357,217.3435516357422,62501000,0.0,0.0,224.00041885375975,,-0.016750715114762782
2024-08-02 00:00:00-04:00,218.1298614428512,224.54984915998065,216.69657732981517,218.83656311035156,105568600,0.0,0.0,223.67792739868165,,0.00686936172420527
2024-08-05 00:00:00-04:00,198.16323265092018,212.5061577637865,195.08762024216466,208.2958526611328,119548600,0.0,0.0,222.75474395751954,,-0.04816704438875441
2024-08-06 00:00:00-04:00,204.3443568031922,209.0125278604179,200.13405118519225,206.26536560058594,69660500,0.0,0.0,221.68723754882814,,-0.009748091642756695
2024-08-07 00:00:00-04:00,205.93688655864335,212.64551772150753,205.42926604632788,208.8433074951172,63516400,0.0,0.0,220.53462753295898,,0.012498181102896355
2024-08-08 00:00:00-04:00,212.1179811495676,213.20290359333654,207.85790561211314,212.31704711914062,47161100,0.0,0.0,219.82494583129883,,0.0166332341011437
2024-08-09 00:00:00-04:00,211.11270086651854,215.77090862412464,210.98330114399806,215.23342895507812,42201600,0.0,0.0,219.11327438354493,,0.013735975869620054
2024-08-12 00:00:00-04:00,215.31314332730477,218.7410807003227,214.84478845727688,216.7680206298828,38028100,0.25,0.0,218.28623123168944,,0.007129894655560021
2024-08-13 00:00:00-04:00,218.2428558389481,221.11277276612057,218.2428558389481,220.4949493408203,44155300,0.0,0.0,217.6246322631836,,0.017193166686247485
2024-08-14 00:00:00-04:00,219.7973785028084,222.24875291914373,218.9304156630747,220.94334411621094,41960600,0.0,0.0,217.28106994628905,,0.002033582976531223
2024-08-15 00:00:00-04:00,223.81327127421198,224.56064415441705,221.97970491871703,223.93284606933594,46414000,0.0,0.0,217.320890045166,,0.013530626890270181
2024-08-16 00:00:00-04:00,223.1356500786779,226.03546056539557,222.86659157853387,225.25819396972656,44340200,0.0,0.0,217.42050704956054,,0.0059185060327426875
2024-08-19 00:00:00-04:00,224.92935218120843,225.19841068626937,222.25873174304007,225.0987548828125,40687800,0.0,0.0,217.52957077026366,,-0.000707805936397965
2024-08-20 00:00:00-04:00,224.9791698204466,226.3742597731608,224.66028342820331,225.71656799316406,30299000,0.0,0.0,217.61726913452148,,0.002744631398219788
2024-08-21 00:00:00-04:00,225.7265541171402,227.18143154067607,224.26170199000447,225.60696411132812,34765500,0.0,0.0,218.02148208618163,,-0.00048558190836600623
2024-08-22 00:00:00-04:00,226.9920749311584,227.54015139464096,223.11570169720306,223.74349975585938,43695300,0.0,0.0,218.3847770690918,,-0.008259782063062548
2024-08-23 00:00:00-04:00,224.86956599566977,227.42059644239848,223.5442228703079,226.04542541503906,38677300,0.0,0.0,218.83977737426758,,0.010288234794268769
2024-08-26 00:00:00-04:00,225.96568932825608,226.48387210620078,223.10574735994538,226.38421630859375,30602200,0.0,0.0,219.29778213500975,,0.0014987735006477543
2024-08-27 00:00:00-04:00,225.20835892301574,228.04838192077386,224.1022464634546,227.2312469482422,35934600,0.0,0.0,219.77026901245117,,0.0037415622584473507
2024-08-28 00:00:00-04:00,227.12163896438045,229.05484595642545,224.88947977262964,225.6966552734375,38052200,0.0,0.0,220.00279006958007,,-0.006753435961887044
2024-08-29 00:00:00-04:00,229.29401907737392,232.10413336375854,228.07829123837303,228.98509216308594,51906300,0.0,0.0,220.58486709594726,,0.01457016226343466
2024-08-30 00:00:00-04:00,229.38367949051207,229.5929353752877,226.68316554604098,228.19784545898438,52990800,0.0,0.0,221.0529312133789,,-0.003437982344898116
2024-09-03 00:00:00-04:00,227.74943764667495,228.1978583447122,220.39528345963856,221.98968505859375,50190600,0.0,0.0,221.73762283325195,,-0.027205166586493745
2024-09-04 00:00:00-04:00,220.88357632692316,221.00315112701452,216.71821006143196,220.076416015625,43840200,0.0,0.0,222.4281753540039,,-0.008618729480442955
2024-09-05 00:00:00-04:00,220.85368603716802,224.69019125096705,220.7440707336114,221.60105895996094,36615400,0.0,0.0,223.0660629272461,,0.006927788865062734
2024-09-06 00:00:00-04:00,223.16553454066073,224.4510243839852,219.00018373655976,220.0465087890625,48423000,0.0,0.0,223.4525360107422,,-0.007015084576736275
2024-09-09 00:00:00-04:00,220.04653410508755,220.49495483479603,215.950929723779,220.13621520996094,67180000,0.0,0.0,223.69767532348632,221.77794921875,0.0004076702756707906
2024-09-10 00:00:00-04:00,218.15315521125123,220.70418549359823,215.97082401031443,219.3389892578125,51591000,0.0,0.0,223.82622375488282,221.97193756103516,-0.00362151203239347
2024-09-11 00:00:00-04:00,220.6842723421212,222.3085524071335,217.126770108234,221.88006591796875,44587100,0.0,0.0,223.89547958374024,222.09471801757812,0.011585157152198988
2024-09-12 00:00:00-04:00,221.7206265576352,222.76695165661573,219.0500213655269,221.98968505859375,37498200,0.0,0.0,223.9477966308594,222.14961822509767,0.0004940468183631808
2024-09-13 00:00:00-04:00,222.79683029802118,223.2552104631355,221.1326819144566,221.72061157226562,36766600,0.0,0.0,223.83718490600586,222.17365600585939,-0.0012120990498144524
2024-09-16 00:00:00-04:00,215.78148650258865,216.45911247240775,213.17066883128115,215.56227111816406,59357400,0.0,0.0,223.35238876342774,221.97917358398436,-0.0277752276183596
2024-09-17 00:00:00-04:00,214.99427397716522,216.14023969143096,213.74865245933694,216.03062438964844,45519300,0.0,0.0,222.89898223876952,221.76459564208983,0.0021727052190299023
2024-09-18 00:00:00-04:00,216.78794613986932,221.92987480128497,216.77797143749862,219.9169464111328,59894900,0.0,0.0,222.60900115966797,221.61062469482422,0.01798968101149745
2024-09-19 00:00:00-04:00,224.20191472936153,229.01499812075548,223.84317512238368,228.0683135986328,66781300,0.0,0.0,222.7320686340332,221.53408081054687,0.037065661926121374
2024-09-20 00:00:00-04:00,229.16446964119802,232.27353613908102,226.82269506404828,227.40066528320312,318679900,0.0,0.0,222.9149269104004,221.55188049316405,-0.0029274049730759755
2024-09-23 00:00:00-04:00,226.54365969576136,228.64626930220686,225.01902026418153,225.6767120361328,54146000,0.0,0.0,222.89649124145507,221.4760775756836,-0.007581126664353954
2024-09-24 00:00:00-04:00,227.8490778167103,228.5466380182851,224.93930782860403,226.5735626220703,43556100,0.0,0.0,222.9059585571289,221.34137115478515,0.003974050214777591
2024-09-25 00:00:00-04:00,224.1420985437932,226.49383244586693,223.2352976856936,225.57705688476562,42308700,0.0,0.0,222.82324905395507,221.17837371826172,-0.004398155397180581
2024-09-26 00:00:00-04:00,226.50382237250227,227.6996160019036,224.62044322472642,226.72305297851562,36636700,0.0,0.0,222.87456893920898,221.15654296875,0.005080286575134485
2024-09-27 00:00:00-04:00,227.6597471643239,228.71603171782343,226.50380681299467,226.99208068847656,34026000,0.0,0.0,222.77491836547853,221.23365570068358,0.0011865917754134703
2024-09-30 00:00:00-04:00,229.234199611622,232.183837890625,228.84556632808733,232.183837890625,54541900,0.0,0.0,222.97421798706054,221.41201538085937,0.02287197503279237
2024-10-01 00:00:00-04:00,228.71603627902877,228.84557057238277,222.9562838134916,225.41763305664062,63285000,0.0,0.0,223.1456153869629,221.46201843261719,-0.029141584080334404
2024-10-02 00:00:00-04:00,225.09874435066007,226.57355589970402,222.2388023482828,225.98562622070312,32880600,0.0,0.0,223.4410758972168,221.5024789428711,0.0025197370603202707
2024-10-03 00:00:00-04:00,224.35137431302277,226.01552277761738,222.53775735368686,224.8795166015625,34044200,0.0,0.0,223.60499877929686,221.64961517333984,-0.004894601650727859
2024-10-04 00:00:00-04:00,227.1017072618697,227.20136306464835,223.3449237414969,226.0055694580078,37245100,0.0,0.0,223.90295181274413,221.84017456054687,0.005007360712360631
2024-10-07 00:00:00-04:00,223.71363756752507,224.89947175407843,220.5547430398763,220.91348266601562,39505400,0.0,0.0,223.9418151855469,221.9195358276367,-0.02253080224617343
2024-10-08 00:00:00-04:00,223.51431968732726,225.1884276449642,222.46799461113406,224.9791717529297,31855700,0.0,0.0,224.22382431030275,222.07463684082032,0.018403988013084405
2024-10-09 00:00:00-04:00,224.4410763624789,228.9452482903661,224.04248353573135,228.73597717285156,33591100,0.0,0.0,224.56661987304688,222.29372619628907,0.016698458753539924
2024-10-10 00:00:00-04:00,226.98212047614993,228.6960967971132,226.3742566041183,228.23770141601562,28183500,0.0,0.0,224.87902069091797,222.4375555419922,-0.0021783882141959143
2024-10-11 00:00:00-04:00,228.4968150773993,228.60643037956845,226.54367384020586,226.75294494628906,31759200,0.0,0.0,225.13063735961913,222.62574340820314,-0.006505307670533589
2024-10-14 00:00:00-04:00,227.89890830734765,230.91829362955485,227.79926770980506,230.48980712890625,39882100,0.0,0.0,225.87701416015625,222.8588082885742,0.01647988379380183
2024-10-15 00:00:00-04:00,232.79170373632726,236.65811760908664,231.5560417756155,233.03086853027344,64751400,0.0,0.0,226.7270263671875,223.35350860595702,0.011024615070921673
2024-10-16 00:00:00-04:00,230.7887621886474,231.30692979509985,229.0349173503749,230.96812438964844,34082200,0.0,0.0,227.2795852661133,223.84756378173827,-0.008851806430773435
2024-10-17 00:00:00-04:00,232.6123377292532,233.0308799404877,229.71254238803704,231.33682250976562,32993800,0.0,0.0,227.44301071166993,224.29743408203126,0.0015963160331819992
2024-10-18 00:00:00-04:00,235.35270879965356,235.35270879965356,233.1903116322836,234.17684936523438,46431500,0.0,0.0,227.78181991577148,224.73463012695314,0.012276587983950815
2024-10-21 00:00:00-04:00,233.62876897482323,236.02037141360947,233.62876897482323,235.6516571044922,36254500,0.0,0.0,228.28056716918945,225.14299468994142,0.006297837481610502
2024-10-22 00:00:00-04:00,233.07072804715946,235.3925683333293,231.7852533575211,235.03382873535156,38846600,0.0,0.0,228.7035804748535,225.50831085205078,-0.002621786652095004
2024-10-23 00:00:00-04:00,233.26006870913344,234.31635331873264,226.96219904424217,229.95169067382812,52287000,0.0,0.0,228.92231216430665,225.69744567871095,-0.021623006734260097
2024-10-24 00:00:00-04:00,229.17441473320775,230.0114839114603,227.60992208421712,229.76235961914062,31109500,0.0,0.0,229.07427749633788,225.87382598876954,-0.0008233514358285676
2024-10-25 00:00:00-04:00,228.935262581316,232.40306843409212,228.76585988907573,230.5994110107422,38802300,0.0,0.0,229.25464401245117,226.00715728759766,0.0036431180154532505
2024-10-28 00:00:00-04:00,232.50273684103132,233.9077863541258,231.73542973016842,232.5824432373047,36087100,0.0,0.0,229.27457427978516,226.1536422729492,0.008599467873185995
2024-10-29 00:00:00-04:00,232.28350596136286,233.50919327337175,231.50623935322642,232.85150146484375,35417200,0.0,0.0,229.64626770019532,226.30869720458983,0.0011568294828880887
2024-10-30 00:00:00-04:00,231.79520878623467,232.65219696606212,228.74592985962587,229.29400634765625,47070900,0.0,0.0,229.81168670654296,226.3802459716797,-0.015277956529408998
2024-10-31 00:00:00-04:00,228.53666090957242,229.02495000446748,224.5805658660821,225.11868286132812,64370100,0.0,0.0,229.82364501953126,226.3704803466797,-0.018209475044007384
2024-11-01 00:00:00-04:00,220.1959891516409,224.56065178607977,219.49844414747824,222.1291961669922,65276700,0.0,0.0,229.62982635498048,226.33819427490235,-0.01327960281367424
2024-11-04 00:00:00-05:00,220.21591416091667,222.0095968952219,218.94039900502227,221.23233032226562,44944500,0.0,0.0,229.64576873779296,226.24193237304686,-0.004037586504622825
2024-11-05 00:00:00-05:00,221.02308305755813,223.1655459656629,220.36539125313263,222.66729736328125,28111300,0.0,0.0,229.53017501831056,226.16759399414062,0.006486244749695169
2024-11-06 00:00:00-05:00,221.83023455712816,225.27812143912794,220.41521040716108,221.93984985351562,54561100,0.0,0.0,229.19036865234375,226.0617660522461,-0.00326697058068115
2024-11-07 00:00:00-05:00,223.8431738287627,227.081789771112,223.7833864288354,226.6831817626953,42137700,0.0,0.0,229.11264266967774,226.08149658203126,0.021372150662940292
2024-11-08 00:00:00-05:00,226.6233197345054,228.10973956989392,225.8651541338214,226.41383361816406,38328800,0.25,0.0,229.09568710327147,226.0300714111328,-0.0011882140635083305
2024-11-11 00:00:00-05:00,224.4585504714927,225.15686291743452,220.96697301971395,223.69039916992188,42005600,0.0,0.0,228.75571670532227,225.93992248535156,-0.012028569123718524
2024-11-12 00:00:00-05:00,224.00963641496367,225.04712701721013,222.82249764582772,223.69039916992188,40398300,0.0,0.0,228.2886932373047,225.97393676757812,0.0
2024-11-13 00:00:00-05:00,223.47093284409854,226.10457929193407,222.2239408664857,224.57826232910156,48566200,0.0,0.0,227.96920013427734,226.06397369384766,0.0039691607796954465
2024-11-14 00:00:00-05:00,224.47851048945301,228.3192366196321,224.45855435577516,227.67080688476562,44923900,0.0,0.0,227.78589935302733,226.18536865234375,0.013770453665422844
2024-11-15 00:00:00-05:00,225.8551667084814,226.3739196007606,223.73030286311794,224.4585418701172,47923700,0.0,0.0,227.29998397827148,226.27360931396484,-0.014109252998230515
2024-11-18 00:00:00-05:00,224.70794459457642,229.18714506333228,224.62813528483125,227.47128295898438,44686000,0.0,0.0,226.8909652709961,226.42031066894532,0.013422260804895059
2024-11-19 00:00:00-05:00,226.43377721041003,229.60613257977118,226.11455519341968,227.73065185546875,36211800,0.0,0.0,226.52580642700195,226.58814392089843,0.001140226990899551
2024-11-20 00:00:00-05:00,227.51117324017346,229.37666823104936,225.34639715216647,228.44891357421875,35169600,0.0,0.0,226.45066757202147,226.71952087402343,0.00315399667501004
2024-11-21 00:00:00-05:00,228.3292117939797,229.60613029336434,225.16684213362325,227.97007751464844,42108300,0.0,0.0,226.36105346679688,226.83912872314454,-0.002096031239889218
2024-11-22 00:00:00-05:00,227.51117639639193,230.16477882059493,227.51117639639193,229.3168182373047,38168300,0.0,0.0,226.296923828125,226.99105285644532,0.005907532854041886
2024-11-25 00:00:00-05:00,230.9030055193102,232.68869124314412,229.1871434272115,232.30960083007812,90152800,0.0,0.0,226.28328170776368,227.32599945068358,0.013050863934787493
2024-11-26 00:00:00-05:00,232.76849125195545,235.00310615337486,232.76849125195545,234.49432373046875,45986200,0.0,0.0,226.36542282104492,227.6952734375,0.009404359064732137
2024-11-27 00:00:00-05:00,233.90577001446655,235.12283541072824,233.24735459247512,234.36465454101562,33498400,0.0,0.0,226.61895523071288,227.98422760009765,-0.0005529736813679742
2024-11-29 00:00:00-05:00,234.24494059041535,237.2377212602243,233.40696565616557,236.75888061523438,28481400,0.0,0.0,227.2009651184082,228.1580389404297,0.010215815515815185
2024-12-02 00:00:00-05:00,236.69901868412032,240.21053691361496,236.58928278806928,239.013427734375,48137100,0.0,0.0,228.04517669677733,228.39029418945313,0.00952254510277295
2024-12-03 00:00:00-05:00,239.232908507596,242.1758064568113,238.32509471728144,242.06607055664062,38861000,0.0,0.0,229.08686370849608,228.71808135986328,0.01277184654938357
2024-12-04 00:00:00-05:00,242.28553892887177,243.5225604021956,240.66944226019712,242.42520141601562,44383900,0.0,0.0,230.07475891113282,229.0351141357422,0.0014836067630179528
2024-12-05 00:00:00-05:00,243.40284992887905,243.95151419061432,241.54732536132988,242.4551239013672,40033900,0.0,0.0,231.10052261352538,229.37267547607422,0.00012342976380663728
2024-12-06 00:00:00-05:00,242.32543882662802,244.04130085085734,241.49743440151175,242.25559997558594,36870600,0.0,0.0,231.87914352416993,229.68332641601563,-0.0008229313638362656
2024-12-09 00:00:00-05:00,241.24804586880077,246.64503053466012,241.16823655952678,246.1562042236328,44649200,0.0,0.0,232.86626205444335,230.06660888671874,0.01610119331994797
2024-12-10 00:00:00-05:00,246.2958646584201,247.612695417372,244.7495916510093,247.1737518310547,36914800,0.0,0.0,234.0404296875,230.36640716552733,0.004133747555261413
2024-12-11 00:00:00-05:00,247.36328368802742,250.196445491468,245.6673626102133,245.89682006835938,45205800,0.0,0.0,235.15075073242187,230.77599090576172,-0.005166130113880785
2024-12-12 00:00:00-05:00,246.2958641332418,248.1414182384854,245.08876927344312,247.36329650878906,32777500,0.0,0.0,236.29000244140624,231.20354431152344,0.005963787738377357
2024-12-13 00:00:00-05:00,247.223631137632,248.69007959411312,245.647431564018,247.5328826904297,33155300,0.0,0.0,237.28310623168946,231.65661163330077,0.0006855753623682403
2024-12-16 00:00:00-05:00,247.3932192907539,250.7750606707362,247.05402592958802,250.4358673095703,51694800,0.0,0.0,238.58197250366212,232.14521759033204,0.01172767265337904
2024-12-17 00:00:00-05:00,249.47818331943677,253.21915892963332,249.1789022262073,252.8699951171875,51356400,0.0,0.0,239.85190811157227,232.78434783935546,0.009719565467067426
2024-12-18 00:00:00-05:00,251.55318925842403,253.66808268004456,247.14382766353577,247.4530792236328,56774100,0.0,0.0,240.83802947998046,233.23382598876952,-0.021421742389975296
2024-12-19 00:00:00-05:00,246.90440599607692,251.3935770141874,246.49538898335234,249.1888885498047,60882300,0.0,0.0,241.87502822875976,233.6428842163086,0.007014700854068412
2024-12-20 00:00:00-05:00,247.44310326755718,254.3863612366688,245.09876750312787,253.87759399414062,147495300,0.0,0.0,243.17040405273437,234.15568206787108,0.01881586884400277
2024-12-23 00:00:00-05:00,254.15691915529422,255.03479114956258,252.8400883307868,254.6557159423828,40858800,0.0,0.0,244.43734893798828,234.71373748779297,0.003064949277328255
2024-12-24 00:00:00-05:00,254.87518901917565,257.58862955018265,254.67565812568793,257.57867431640625,23234700,0.0,0.0,245.7008026123047,235.25551483154297,0.011478078798297098
2024-12-26 00:00:00-05:00,257.56867823862046,259.47408555117545,257.0100282923795,258.39666748046875,27237100,0.0,0.0,246.8959197998047,235.7628308105469,0.0031757022052907313
2024-12-27 00:00:00-05:00,257.20952960207876,258.0774615569102,252.4510193654514,254.9749298095703,42355300,0.0,0.0,247.92643356323242,236.2429669189453,-0.013242189631401002
2024-12-30 00:00:00-05:00,251.62302046123375,252.8899685500744,250.14658624824915,251.5930938720703,35557500,0.0,0.0,248.66814422607422,236.64809234619142,-0.013263405700418285
2024-12-31 00:00:00-05:00,251.8325261089863,252.670501064015,248.82975968702823,249.8173828125,39480700,0.0,0.0,249.20834197998047,236.96090301513672,-0.007057868847835769
2025-01-02 00:00:00-05:00,248.3309608077005,248.5005651105234,241.23808511721737,243.26319885253906,55740700,0.0,0.0,249.2681983947754,237.11313385009765,-0.02623590034517398
2025-01-03 00:00:00-05:00,242.7743682861328,243.5923870862029,241.3079045417172,242.7743682861328,40244100,0.0,0.0,249.28565673828126,237.26794464111327,-0.0020094719164758246
2025-01-06 00:00:00-05:00,243.72207367593157,246.73481040856498,242.61474424512696,244.41041564941406,45045600,0.0,0.0,249.3834213256836,237.557119140625,0.006738962497692569
2025-01-07 00:00:00-05:00,242.3952722906863,244.9590949760797,240.76920518354387,241.62713623046875,40856000,0.0,0.0,249.35199813842775,237.79441467285156,-0.011387728348441928
2025-01-08 00:00:00-05:00,241.33781457710975,243.12351544341067,239.47231962725974,242.11593627929688,37628900,0.0,0.0,249.14998474121094,238.02474517822264,0.0020229517944618802
2025-01-10 00:00:00-05:00,239.4324132245663,239.58206138453855,232.4392881886217,236.280029296875,61710900,0.0,0.0,248.60529861450195,238.09869689941405,-0.02410377058241131
2025-01-13 00:00:00-05:00,232.96802072299363,234.10527676213235,229.16719172961072,233.83592224121094,49630700,0.0,0.0,248.00225372314452,238.1183853149414,-0.010344111869874384
2025-01-14 00:00:00-05:00,234.1850763475817,235.55177458449063,231.9105643637605,232.71861267089844,39435300,0.0,0.0,247.27001953125,238.18687744140624,-0.004778177619604307
2025-01-15 00:00:00-05:00,234.07533889356793,238.38495013235746,233.86583756026477,237.2975616455078,39832000,0.0,0.0,246.7582534790039,238.43045501708986,0.01967590353885762
2025-01-16 00:00:00-05:00,236.77883010316478,237.4372302632713,227.4812511099753,227.710693359375,71759100,0.0,0.0,245.62199478149415,238.5420849609375,-0.040400197202423715
2025-01-17 00:00:00-05:00,231.5614090278119,231.73099810398455,227.93016912923343,229.4265594482422,68488300,0.0,0.0,244.44982299804687,238.70596954345703,0.007535289904717857
2025-01-21 00:00:00-05:00,223.46094530610958,223.87993275191027,218.85206818023312,222.10421752929688,98070400,0.0,0.0,243.18237991333007,238.69470794677736,-0.03191584242275669
2025-01-22 00:00:00-05:00,219.26106511921876,223.58064673096774,219.26106511921876,223.29135131835938,64126500,0.0,0.0,241.88750305175782,238.72173797607422,0.005344940326970304
2025-01-23 00:00:00-05:00,224.19918327232872,226.4836658384098,221.76505253825962,223.1217803955078,60234800,0.0,0.0,240.34971237182617,238.65050994873047,-0.0007594155431922545
2025-01-24 00:00:00-05:00,224.23906824814947,225.08702882156655,220.877182986192,222.24388122558594,54697900,0.0,0.0,238.72912063598633,238.5671109008789,-0.003934618881068941
2025-01-27 00:00:00-05:00,223.48089669223063,231.59132137138346,223.44098442848647,229.3068389892578,94863400,0.0,0.0,237.3155288696289,238.67943969726562,0.03178021246174478
2025-01-28 00:00:00-05:00,230.2944737209622,239.61199368769647,230.25456145518996,237.68663024902344,75707600,0.0,0.0,236.28002700805663,238.95936431884766,0.036544009313905335
2025-01-29 00:00:00-05:00,233.55660081590926,239.2827933650634,233.4468649147594,238.78399658203125,45486100,0.0,0.0,235.4704803466797,239.24347900390626,0.004616861839717767
2025-01-30 00:00:00-05:00,238.09563705158317,240.21053038482776,236.63915907674937,237.0182342529297,55658300,0.0,0.0,234.74173736572266,239.43042755126953,-0.007394810181489464
2025-01-31 00:00:00-05:00,246.59515764263173,246.59515764263173,232.87824601959832,235.4320831298828,101075100,0.0,0.0,234.0224723815918,239.64989837646485,-0.006692105896604739
2025-02-03 00:00:00-05:00,229.43654993330725,231.27211844312274,225.15686500690927,227.4613037109375,73063300,0.0,0.0,233.2323776245117,239.6496987915039,-0.03385596097600685
2025-02-04 00:00:00-05:00,226.70312948058964,232.5689843025687,226.10456727432145,232.23977661132812,45067300,0.0,0.0,232.70564804077148,239.73988128662108,0.021007849785575905
2025-02-05 00:00:00-05:00,227.98004730881974,232.11008389811693,227.72067847197073,231.9105682373047,39620300,0.0,0.0,232.080655670166,239.8091143798828,-0.0014175365599596867
2025-02-06 00:00:00-05:00,230.7334042435517,233.23737378273856,229.875473186273,232.6587677001953,29925300,0.0,0.0,231.63223724365236,239.90288818359375,0.0032262413419859026
2025-02-07 00:00:00-05:00,232.04025529180169,233.43688010961284,226.71309440770742,227.08221435546875,39707200,0.0,0.0,230.88055114746095,239.85819610595703,-0.023968808052454382
2025-02-10 00:00:00-05:00,229.26935130196645,230.2880044885276,226.90244480659103,227.3518524169922,33115600,0.25,0.0,230.43414230346679,239.7590411376953,0.001187402819233352
2025-02-11 00:00:00-05:00,227.90114370319637,234.92193591818142,227.83124330015124,232.3153533935547,53718400,0.0,0.0,230.35811386108398,239.71546173095703,0.021831803540614203
2025-02-12 00:00:00-05:00,230.89721134547665,236.64967765066982,230.377888084301,236.55978393554688,45243300,0.0,0.0,230.5501724243164,239.75936431884764,0.018270124983095215
2025-02-13 00:00:00-05:00,236.5997394445533,242.02262084431055,235.2614980047627,241.21368408203125,53614100,0.0,0.0,230.74597854614257,239.84846038818358,0.019673251594414687
2025-02-14 00:00:00-05:00,240.93404435379279,245.22841586050225,240.67439035154717,244.2796630859375,40896200,0.0,0.0,231.5744270324707,239.95378509521484,0.012710634620810346
2025-02-18 00:00:00-05:00,243.83025306858283,244.85890295305822,241.52328070167576,244.14984130859375,48822500,0.0,0.0,232.3105911254883,239.9954605102539,-0.0005314473407393994
2025-02-19 00:00:00-05:00,244.33958470767533,245.68780753699892,242.84154918255663,244.54930114746094,32204200,0.0,0.0,233.43284530639647,240.0379425048828,0.0016361257362533799
2025-02-20 00:00:00-05:00,244.61922281669615,246.4568094488268,243.9700649298591,245.508056640625,32316900,0.0,0.0,234.54368057250977,240.09900115966798,0.003920499828318658
2025-02-21 00:00:00-05:00,245.6278941258364,248.36431123309396,244.89885442060717,245.22842407226562,53197400,0.0,0.0,235.64901275634764,240.15845764160156,-0.00113899548628138
2025-02-24 00:00:00-05:00,244.609226181644,248.53408727873096,244.09989957647335,246.77639770507812,51326400,0.0,0.0,236.87563858032226,240.17086151123047,0.006312374426695078
2025-02-25 00:00:00-05:00,247.67521063757022,249.67259136851834,244.58926106556868,246.71646118164062,48013300,0.0,0.0,237.7461196899414,240.16171569824218,-0.00024287786026089275
2025-02-26 00:00:00-05:00,244.01001367840516,244.65915630674968,238.8168269352331,240.0452117919922,44433600,0.0,0.0,237.86404876708986,240.04468353271486,-0.02704014704854596
2025-02-27 00:00:00-05:00,239.09646458024955,242.14247324939222,236.74953612071198,236.98922729492188,41153600,0.0,0.0,237.77431030273436,239.8372021484375,-0.012730870465012423
2025-02-28 00:00:00-05:00,236.63967447024518,241.77294223985544,229.89851463379637,241.5232696533203,56833400,0.0,0.0,237.99956207275392,239.71700988769533,0.019131850042938936
2025-03-03 00:00:00-05:00,241.47333193183624,243.71040379171194,235.80077808405883,237.71826171875,47184000,0.0,0.0,238.11387100219727,239.4626577758789,-0.01575420844555464
2025-03-04 00:00:00-05:00,237.39870037793833,239.75561031847352,234.3726544629493,235.6210174560547,53798100,0.0,0.0,238.52185668945313,239.11767822265625,-0.008822394407277834
2025-03-05 00:00:00-05:00,235.11168617953675,236.2402111793479,228.92979032203158,235.4312744140625,47227600,0.0,0.0,238.68143157958986,238.87724212646484,-0.00080528912081268
2025-03-06 00:00:00-05:00,234.13297099659667,237.54849020730907,232.8546485518437,235.0218048095703,45170400,0.0,0.0,238.8369934082031,238.59390045166015,-0.001739231992483825
2025-03-07 00:00:00-05:00,234.80209169163373,241.05388787370777,234.45254396930395,238.7569122314453,46273600,0.0,0.0,239.14190063476562,238.29148681640626,0.015892599518165573
2025-03-10 00:00:00-04:00,235.23152514577004,235.85072354308846,223.92635798057333,227.1820831298828,72071200,0.0,0.0,239.14689407348632,237.74201416015626,-0.048479556019480285
2025-03-11 00:00:00-04:00,223.51689291637274,225.54423318142804,217.16522145004404,220.55078125,76137400,0.0,0.0,238.8068405151367,237.00145629882812,-0.029189369991345693
2025-03-12 00:00:00-04:00,219.85169651198805,221.4595886104368,214.6285501658544,216.69583129882812,62547500,0.0,0.0,238.0258644104004,236.16743957519532,-0.01747874085652046
2025-03-13 00:00:00-04:00,215.6671885752157,216.55602242060417,208.14705109128238,209.4053955078125,61368300,0.0,0.0,236.66814498901368,235.25604888916016,-0.03364363655414282
2025-03-14 00:00:00-04:00,210.97334672214788,213.66980775083542,209.30553558500114,213.21041870117188,60107600,0.0,0.0,235.2679817199707,234.4883953857422,0.018170607228777946
2025-03-17 00:00:00-04:00,213.0306430192638,214.93814530685134,209.69502079955336,213.71974182128906,48073400,0.0,0.0,233.73998565673827,233.76644256591797,0.0023888284785511527
2025-03-18 00:00:00-04:00,213.87952928252258,214.8682229774316,211.21302787332291,212.4114532470703,42432400,0.0,0.0,232.1530662536621,233.1494076538086,-0.006121514854312005
2025-03-19 00:00:00-04:00,213.93944620866878,218.47349365471302,213.470060528986,214.95811462402344,54385400,0.0,0.0,230.67350692749022,232.5930825805664,0.011989284654961185
2025-03-20 00:00:00-04:00,213.70975404736055,217.20517028159983,211.94206785632258,213.81961059570312,48862900,0.0,0.0,229.08908462524414,231.98126647949218,-0.005296399395350315
2025-03-21 00:00:00-04:00,211.2829271905112,218.5533916912833,211.0032951126973,217.98414611816406,94127800,0.0,0.0,227.72687072753905,231.5084066772461,0.019476864216797063
2025-03-24 00:00:00-04:00,220.71056863168138,221.1899357355996,218.29373979930335,220.44091796875,44299500,0.0,0.0,226.41009674072265,231.07490631103516,0.011270415277146784
2025-03-25 00:00:00-04:00,220.48087718007702,223.80651793975238,219.79177838679217,223.45697021484375,34493600,0.0,0.0,225.24712219238282,230.81844512939452,0.013681907487435252
2025-03-26 00:00:00-04:00,223.21727075576553,224.7253029108424,220.18125884970436,221.2398681640625,34466100,0.0,0.0,224.30685501098634,230.56652404785157,-0.009921829910472746
2025-03-27 00:00:00-04:00,221.1000540446544,224.69534536875565,220.271139232742,223.5568389892578,37094800,0.0,0.0,223.63523559570314,230.38328857421874,0.010472664101739193
2025-03-28 00:00:00-04:00,221.3796909591809,223.51688772665744,217.39491092445158,217.6146240234375,39818600,0.0,0.0,222.43980331420897,229.98962982177736,-0.026580331841719373
2025-03-31 00:00:00-04:00,216.72579102857173,225.32451569687797,215.9468137615173,221.83909606933594,65299300,0.0,0.0,221.64584503173828,229.87219787597655,0.01941262938948185
2025-04-01 00:00:00-04:00,219.5221267668628,223.3870536043053,218.61331487709137,222.897705078125,36412700,0.0,0.0,221.0096794128418,229.7416207885742,0.0047719677349307155
2025-04-02 00:00:00-04:00,221.03016017035932,224.89508702876748,220.73055001137135,223.59678649902344,35905900,0.0,0.0,220.41795501708984,229.77147216796874,0.0031363329678670837
2025-04-03 00:00:00-04:00,205.27081771109022,207.2182761783418,200.9864426085102,202.9239044189453,103419000,0.0,0.0,218.81305999755858,229.36412322998046,-0.09245607865732186
2025-04-04 00:00:00-04:00,193.6360793511012,199.61824028069563,187.09465424061224,188.13330078125,125910900,0.0,0.0,216.28187942504883,228.6643536376953,-0.07288743866843539
2025-04-07 00:00:00-04:00,176.967935484531,193.89573468350994,174.39131242893686,181.2223663330078,160466300,0.0,0.0,213.98389358520507,227.84392333984374,-0.03673424332398123
2025-04-08 00:00:00-04:00,186.4554964395268,190.09072892121037,168.9884109270566,172.19419860839844,120859500,0.0,0.0,211.566064453125,226.70167053222656,-0.04981817590892468
2025-04-09 00:00:00-04:00,171.72480450043201,200.3472738997123,171.6648855169899,198.58958435058594,184395900,0.0,0.0,210.6607521057129,225.91972961425782,0.15328847287251235
2025-04-10 00:00:00-04:00,188.82240088513313,194.52491452460524,182.76034285398336,190.17062377929688,121880000,0.0,0.0,209.69901351928712,224.94746215820314,-0.04239376701864894
2025-04-11 00:00:00-04:00,185.856281088865,199.27866665425725,185.81632494094944,197.89048767089844,87435900,0.0,0.0,208.93301696777343,224.1649072265625,0.04059440800152636
2025-04-14 00:00:00-04:00,211.1630921847052,212.6611277249045,200.8965565016436,202.25477600097656,101352900,0.0,0.0,208.35976867675782,223.50136108398436,0.022054058188669234
2025-04-15 00:00:00-04:00,201.59564256833872,203.24347561495443,199.53834280484799,201.87527465820312,51343900,0.0,0.0,207.83295974731445,222.9896405029297,-0.0018763529360197317
2025-04-16 00:00:00-04:00,198.10021911176236,200.4371508814261,192.11805840887246,194.0155792236328,59732400,0.0,0.0,206.78583297729492,222.22515655517577,-0.038933422866557765
2025-04-17 00:00:00-04:00,196.94174374665747,198.56961397436802,194.16538565496842,196.72203063964844,51334300,0.0,0.0,205.9309539794922,221.52138580322264,0.013949660263602004
2025-04-21 00:00:00-04:00,193.01688474432112,193.54618940120912,189.56140949031536,192.9070281982422,46742500,0.0,0.0,204.6770980834961,220.7263510131836,-0.01939285818167713
2025-04-22 00:00:00-04:00,195.8631544964882,201.32599215129426,195.71335703344474,199.47842407226562,52976400,0.0,0.0,203.62897338867188,220.17427520751954,0.03406509309381045
2025-04-23 00:00:00-04:00,205.7302222309065,207.7276030292648,202.5344160012944,204.33206176757812,52929200,0.0,0.0,202.6727279663086,219.71387939453126,0.024331642471539405
2025-04-24 00:00:00-04:00,204.62166872266098,208.5565112075726,202.67422555441442,208.09710693359375,47311000,0.0,0.0,202.01558990478514,219.22951446533204,0.01842611058414434
2025-04-25 00:00:00-04:00,206.0997277622984,209.47530610539675,205.92995222724628,209.00592041015625,38222300,0.0,0.0,201.28804397583008,218.67843719482423,0.0043672566618262465
2025-04-28 00:00:00-04:00,209.72497582911666,211.2230113707532,207.1883090170199,209.8647918701172,38743100,0.0,0.0,200.90055236816406,218.05145935058593,0.004109316416853082
2025-04-29 00:00:00-04:00,208.41669143858087,211.96204522644123,208.09710321217068,210.9333953857422,36827600,0.0,0.0,200.3552673339844,217.38453399658204,0.005091866558952551
2025-04-30 00:00:00-04:00,209.02590396975114,213.30029766677714,206.399343338795,212.22171020507812,52286500,0.0,0.0,199.82146759033202,216.74597137451173,0.006107685399838969
2025-05-01 00:00:00-04:00,208.80618155790114,214.2790004444518,208.62640936955898,213.04063415527344,57365700,0.0,0.0,199.29365997314454,216.11579803466796,0.0038588132637511485
2025-05-02 00:00:00-04:00,205.82009105417706,206.71892151455646,201.89524528415058,205.08106994628906,101010600,0.0,0.0,199.40151824951172,215.30725830078126,-0.03736171853104364
2025-05-05 00:00:00-04:00,202.83402512431957,203.83271551835597,197.9504297070337,198.62953186035156,69018500,0.0,0.0,199.92632980346679,214.37528045654298,-0.031458476823956305
2025-05-06 00:00:00-04:00,197.9504203457911,200.38721199140494,196.7619763948813,198.25001525878906,51216500,0.0,0.0,200.77771224975587,213.4047528076172,-0.001910675608042589
2025-05-07 00:00:00-04:00,198.90915494694545,199.1788056079939,192.99690991055434,195.99298095703125,68536700,0.0,0.0,201.9676513671875,212.390283203125,-0.011384787531095841
2025-05-08 00:00:00-04:00,197.46106353953903,199.78801395815432,194.42503624466005,197.2313690185547,50478900,0.0,0.0,201.89974060058594,211.53400634765626,0.006318532712122682
2025-05-09 00:00:00-04:00,198.739389980464,200.2773664943336,197.28129528859796,198.27000427246094,36453900,0.0,0.0,202.30470962524413,210.75962188720703,0.005266075366584078
2025-05-12 00:00:00-04:00,210.97000122070312,211.27000427246094,206.75,210.7899932861328,63775800,0.26,0.0,202.94968490600587,210.14495635986327,0.06314615798599066
2025-05-13 00:00:00-04:00,210.42999267578125,213.39999389648438,209.0,212.92999267578125,51909300,0.0,0.0,203.4834457397461,209.64919097900392,0.010152281691776288
2025-05-14 00:00:00-04:00,212.42999267578125,213.94000244140625,210.5800018310547,212.3300018310547,49325800,0.0,0.0,204.00618209838868,209.18337066650392,-0.0028177845553216674
2025-05-15 00:00:00-04:00,210.9499969482422,212.9600067138672,209.5399932861328,211.4499969482422,45029500,0.0,0.0,204.87790298461914,208.7037451171875,-0.004144515024837148
2025-05-16 00:00:00-04:00,212.36000061035156,212.57000732421875,209.77000427246094,211.25999450683594,54737900,0.0,0.0,205.60480117797852,208.22850891113282,-0.0008985691376138805
2025-05-19 00:00:00-04:00,207.91000366210938,209.47999572753906,204.25999450683594,208.77999877929688,46140500,0.0,0.0,206.39844970703126,207.62897064208985,-0.011739069355408915
2025-05-20 00:00:00-04:00,207.6699981689453,208.47000122070312,205.02999877929688,206.86000061035156,42496600,0.0,0.0,206.76752853393555,207.22252899169922,-0.009196274452396014
2025-05-21 00:00:00-04:00,205.1699981689453,207.0399932861328,200.7100067138672,202.08999633789062,59211800,0.0,0.0,206.65542526245116,206.85331329345703,-0.02305909435553888
2025-05-22 00:00:00-04:00,200.7100067138672,202.75,199.6999969482422,201.36000061035156,46742400,0.0,0.0,206.31856994628907,206.5465966796875,-0.003612230891026025
2025-05-23 00:00:00-04:00,193.6699981689453,197.6999969482422,193.4600067138672,195.27000427246094,78432900,0.0,0.0,205.63177413940429,206.26388885498048,-0.03024432021966106
2025-05-27 00:00:00-04:00,198.3000030517578,200.74000549316406,197.42999267578125,200.2100067138672,56288500,0.0,0.0,205.1490348815918,206.00388061523438,0.025298316860348224
2025-05-28 00:00:00-04:00,200.58999633789062,202.72999572753906,199.89999389648438,200.4199981689453,45339700,0.0,0.0,204.62336502075195,205.7378857421875,0.0010488559414427723
2025-05-29 00:00:00-04:00,203.5800018310547,203.80999755859375,198.50999450683594,199.9499969482422,51396800,0.0,0.0,204.00977935791016,205.48865661621093,-0.0023450814539321962
2025-05-30 00:00:00-04:00,199.3699951171875,201.9600067138672,196.77999877929688,200.85000610351562,70819900,0.0,0.0,203.40024795532227,205.2064944458008,0.0045011711378339925
2025-06-02 00:00:00-04:00,200.27999877929688,202.1300048828125,200.1199951171875,201.6999969482422,35423300,0.0,0.0,203.23119430541993,204.96410217285157,0.0042319682295079986
2025-06-03 00:00:00-04:00,201.35000610351562,203.77000427246094,200.9600067138672,203.27000427246094,46381600,0.0,0.0,203.46321792602538,204.6698193359375,0.0077838738124602624
2025-06-04 00:00:00-04:00,202.91000366210938,206.24000549316406,202.10000610351562,202.82000732421875,43604000,0.0,0.0,203.69171752929688,204.31740112304686,-0.00221378923984783
2025-06-05 00:00:00-04:00,203.5,204.75,200.14999389648438,200.6300048828125,55126100,0.0,0.0,203.92356872558594,203.86086181640624,-0.010797763348392997
2025-06-06 00:00:00-04:00,203.0,205.6999969482422,202.0500030517578,203.9199981689453,46607700,0.0,0.0,204.25800018310548,203.5144644165039,0.0163983113495636
2025-06-09 00:00:00-04:00,204.38999938964844,206.0,200.02000427246094,201.4499969482422,72862600,0.0,0.0,204.41699981689453,203.0723275756836,-0.012112599268742419
2025-06-10 00:00:00-04:00,200.60000610351562,204.35000610351562,200.57000732421875,202.6699981689453,54672600,0.0,0.0,204.01100006103516,202.77343505859375,0.0060560994747325125
2025-06-11 00:00:00-04:00,203.5,204.5,198.41000366210938,198.77999877929688,60989900,0.0,0.0,203.30350036621093,202.31225311279297,-0.019193760422328232
2025-06-12 00:00:00-04:00,199.0800018310547,199.67999267578125,197.36000061035156,199.1999969482422,43904600,0.0,0.0,202.64700012207032,201.8382989501953,0.002112879422097258
2025-06-13 00:00:00-04:00,199.72999572753906,200.3699951171875,195.6999969482422,196.4499969482422,51447300,0.0,0.0,201.89700012207032,201.2953631591797,-0.013805221095031128
2025-06-16 00:00:00-04:00,197.3000030517578,198.69000244140625,196.55999755859375,198.4199981689453,43020700,0.0,0.0,201.25500030517577,201.2052850341797,0.010028003315378786
2025-06-17 00:00:00-04:00,197.1999969482422,198.38999938964844,195.2100067138672,195.63999938964844,38856200,0.0,0.0,200.59800033569337,201.35541900634766,-0.014010678383989505
2025-06-18 00:00:00-04:00,195.94000244140625,197.57000732421875,195.07000732421875,196.5800018310547,45394700,0.0,0.0,200.08400039672853,201.6625717163086,0.004804755900321256
2025-06-20 00:00:00-04:00,198.24000549316406,201.6999969482422,196.86000061035156,201.0,96813500,0.0,0.0,200.02950057983398,202.23868774414063,0.022484475164182616
2025-06-23 00:00:00-04:00,201.6300048828125,202.3000030517578,198.9600067138672,201.5,55814300,0.0,0.0,200.0365005493164,202.29689605712892,0.0024875621890547706
2025-06-24 00:00:00-04:00,202.58999633789062,203.44000244140625,200.1999969482422,200.3000030517578,54064000,0.0,0.0,200.28800048828126,202.49948364257813,-0.005955319842392948
2025-06-25 00:00:00-04:00,201.4499969482422,203.6699981689453,200.6199951171875,201.55999755859375,39525700,0.0,0.0,200.3555000305176,202.57287384033202,0.0062905366332437485
2025-06-26 00:00:00-04:00,201.42999267578125,202.63999938964844,199.4600067138672,201.0,50799100,0.0,0.0,200.3845001220703,202.5477783203125,-0.002778316954637594
2025-06-27 00:00:00-04:00,201.88999938964844,203.22000122070312,200.0,201.0800018310547,73114100,0.0,0.0,200.44100036621094,202.53187286376954,0.00039801905997349785
